"player1","player2","wins1","wins2"
"Felix Auger Aliassime","Roberto Bautista Agut","1","1"
"Felix Auger Aliassime","Daniil Medvedev","0","2"
"Felix Auger Aliassime","Casper Ruud","0","2"
"Felix Auger Aliassime","Filip Krajinovic","1","0"
"Felix Auger Aliassime","Cristian Garin","1","0"
"Felix Auger Aliassime","Jannik Sinner","2","0"
"Felix Auger Aliassime","Matteo Berrettini","0","1"
"Felix Auger Aliassime","Alex De Minaur","2","0"
"Felix Auger Aliassime","Alexander Zverev","1","1"
"Felix Auger Aliassime","Daniel Evans","2","0"
"Felix Auger Aliassime","Taylor Fritz","0","2"
"Felix Auger Aliassime","Hubert Hurkacz","0","1"
"Felix Auger Aliassime","Diego Schwartzman","0","1"
"Felix Auger Aliassime","Stefanos Tsitsipas","1","0"
"Felix Auger Aliassime","Karen Khachanov","1","0"
"Felix Auger Aliassime","Marin Cilic","1","0"
"Felix Auger Aliassime","Mikael Ymer","1","0"
"Felix Auger Aliassime","Soon Woo Kwon","0","1"
"Felix Auger Aliassime","Steve Johnson","1","0"
"Felix Auger Aliassime","Rafael Nadal","1","1"
"Felix Auger Aliassime","Maxime Cressy","0","1"
"Felix Auger Aliassime","Emil Ruusuvuori","1","0"
"Felix Auger Aliassime","Tallon Griekspoor","1","0"
"Felix Auger Aliassime","Alex Molcan","0","1"
"Felix Auger Aliassime","Botic Van De Zandschulp","0","1"
"Felix Auger Aliassime","Mackenzie Mcdonald","1","0"
"Felix Auger Aliassime","Andy Murray","1","0"
"Felix Auger Aliassime","Brandon Nakashima","1","0"
"Felix Auger Aliassime","Miomir Kecmanovic","2","1"
"Felix Auger Aliassime","Oscar Otte","2","0"
"Felix Auger Aliassime","Alexander Bublik","1","0"
"Felix Auger Aliassime","Sebastian Korda","1","1"
"Felix Auger Aliassime","Carlos Alcaraz","2","0"
"Felix Auger Aliassime","Frances Tiafoe","2","0"
"Felix Auger Aliassime","Andrey Rublev","1","1"
"Felix Auger Aliassime","Alejandro Davidovich Fokina","2","0"
"Felix Auger Aliassime","Richard Gasquet","1","0"
"Felix Auger Aliassime","Lorenzo Musetti","2","1"
"Felix Auger Aliassime","Cameron Norrie","3","1"
"Felix Auger Aliassime","Ilya Ivashka","1","0"
"Felix Auger Aliassime","Marcos Giron","2","0"
"Felix Auger Aliassime","Yoshihito Nishioka","1","0"
"Felix Auger Aliassime","Holger Rune","1","1"
"Felix Auger Aliassime","J J Wolf","1","0"
"Felix Auger Aliassime","Novak Djokovic","1","1"
"Felix Auger Aliassime","Jack Draper","0","1"
"Borna Coric","Felix Auger Aliassime","1","0"
"Felix Auger Aliassime","Jason Kubler","0","1"
"Marc Andrea Huesler","Felix Auger Aliassime","0","1"
"Denis Shapovalov","Pablo Carreno Busta","1","1"
"Denis Shapovalov","Daniil Medvedev","0","2"
"Denis Shapovalov","Casper Ruud","0","1"
"Denis Shapovalov","Ugo Humbert","1","0"
"Denis Shapovalov","Alex De Minaur","0","2"
"Denis Shapovalov","Arthur Rinderknech","1","1"
"Denis Shapovalov","Alexander Zverev","1","0"
"Denis Shapovalov","Daniel Evans","1","1"
"Denis Shapovalov","Jan Lennard Struff","1","1"
"Denis Shapovalov","Taylor Fritz","1","1"
"Denis Shapovalov","Thanasi Kokkinakis","1","0"
"Denis Shapovalov","Tommy Paul","1","1"
"Denis Shapovalov","Laslo Djere","1","0"
"Denis Shapovalov","Taro Daniel","1","0"
"Denis Shapovalov","Soon Woo Kwon","1","0"
"Denis Shapovalov","Steve Johnson","1","0"
"Denis Shapovalov","Rafael Nadal","1","1"
"Denis Shapovalov","Grigor Dimitrov","1","0"
"Denis Shapovalov","Alex Molcan","1","0"
"Denis Shapovalov","Jaume Munar","1","0"
"Denis Shapovalov","Ricardas Berankis","1","0"
"Denis Shapovalov","Marton Fucsovics","1","0"
"Denis Shapovalov","Benjamin Bonzi","0","1"
"Denis Shapovalov","Andy Murray","0","1"
"Denis Shapovalov","Reilly Opelka","1","1"
"Denis Shapovalov","Lorenzo Sonego","1","1"
"Denis Shapovalov","Brandon Nakashima","0","1"
"Denis Shapovalov","Oscar Otte","0","1"
"Denis Shapovalov","Andrey Rublev","0","1"
"Denis Shapovalov","Alejandro Davidovich Fokina","1","0"
"Denis Shapovalov","Roberto Carballes Baena","1","0"
"Denis Shapovalov","Jiri Vesely","0","1"
"Denis Shapovalov","Francisco Cerundolo","1","0"
"Denis Shapovalov","Jiri Lehecka","0","1"
"Denis Shapovalov","Ilya Ivashka","0","1"
"Denis Shapovalov","Jenson Brooksby","1","0"
"Denis Shapovalov","Yoshihito Nishioka","0","1"
"Denis Shapovalov","Nikoloz Basilashvili","1","0"
"Denis Shapovalov","Holger Rune","0","1"
"Denis Shapovalov","J J Wolf","0","1"
"Denis Shapovalov","Borna Coric","2","0"
"Marc Andrea Huesler","Denis Shapovalov","0","1"
"Roberto Bautista Agut","Daniil Medvedev","1","2"
"Roberto Bautista Agut","Casper Ruud","1","1"
"Roberto Bautista Agut","Cristian Garin","1","0"
"Roberto Bautista Agut","Arthur Rinderknech","1","0"
"Roberto Bautista Agut","Daniel Evans","0","1"
"Roberto Bautista Agut","Taylor Fritz","0","1"
"Roberto Bautista Agut","Hubert Hurkacz","1","0"
"Roberto Bautista Agut","Kamil Majchrzak","1","0"
"Roberto Bautista Agut","Stefanos Tsitsipas","0","1"
"Roberto Bautista Agut","Karen Khachanov","1","0"
"Roberto Bautista Agut","Tommy Paul","0","1"
"Roberto Bautista Agut","Laslo Djere","1","0"
"Roberto Bautista Agut","Taro Daniel","1","0"
"Roberto Bautista Agut","Tallon Griekspoor","1","0"
"Roberto Bautista Agut","Mackenzie Mcdonald","0","1"
"Roberto Bautista Agut","Marton Fucsovics","1","0"
"Roberto Bautista Agut","Andy Murray","2","0"
"Roberto Bautista Agut","Miomir Kecmanovic","1","0"
"Roberto Bautista Agut","Dusan Lajovic","1","0"
"Roberto Bautista Agut","Alexander Bublik","0","1"
"Roberto Bautista Agut","Sebastian Korda","0","1"
"Roberto Bautista Agut","Carlos Alcaraz","0","1"
"Roberto Bautista Agut","Alejandro Davidovich Fokina","1","0"
"Roberto Bautista Agut","Nick Kyrgios","1","0"
"Roberto Bautista Agut","Albert Ramos","1","0"
"Roberto Bautista Agut","Daniel Elahi Galan","0","1"
"Roberto Bautista Agut","Jiri Vesely","0","1"
"Roberto Bautista Agut","Francisco Cerundolo","1","0"
"Roberto Bautista Agut","Jiri Lehecka","1","0"
"Roberto Bautista Agut","Jenson Brooksby","2","1"
"Roberto Bautista Agut","Marcos Giron","2","0"
"Roberto Bautista Agut","Nikoloz Basilashvili","1","0"
"Roberto Bautista Agut","Holger Rune","0","1"
"Roberto Bautista Agut","J J Wolf","1","1"
"Roberto Bautista Agut","Borna Coric","0","2"
"Stan Wawrinka","Roberto Bautista Agut","0","1"
"Dominic Thiem","Roberto Bautista Agut","1","0"
"Pablo Carreno Busta","Casper Ruud","1","0"
"Pablo Carreno Busta","Filip Krajinovic","1","0"
"Pablo Carreno Busta","Alejandro Tabilo","1","0"
"Pablo Carreno Busta","Jannik Sinner","1","1"
"Pablo Carreno Busta","Matteo Berrettini","1","1"
"Pablo Carreno Busta","Alex De Minaur","1","0"
"Pablo Carreno Busta","Arthur Rinderknech","0","1"
"Pablo Carreno Busta","Alexander Zverev","0","1"
"Pablo Carreno Busta","Daniel Evans","1","0"
"Pablo Carreno Busta","Hubert Hurkacz","1","0"
"Pablo Carreno Busta","Diego Schwartzman","2","0"
"Pablo Carreno Busta","Federico Delbonis","1","0"
"Pablo Carreno Busta","Karen Khachanov","0","2"
"Pablo Carreno Busta","Marin Cilic","0","1"
"Pablo Carreno Busta","Tommy Paul","0","1"
"Pablo Carreno Busta","Thiago Monteiro","1","0"
"Pablo Carreno Busta","Tallon Griekspoor","1","0"
"Pablo Carreno Busta","Alex Molcan","0","1"
"Pablo Carreno Busta","Botic Van De Zandschulp","0","1"
"Pablo Carreno Busta","Jaume Munar","0","1"
"Pablo Carreno Busta","Lorenzo Sonego","1","0"
"Pablo Carreno Busta","David Goffin","1","0"
"Pablo Carreno Busta","Miomir Kecmanovic","0","2"
"Pablo Carreno Busta","Sebastian Baez","2","0"
"Pablo Carreno Busta","Dusan Lajovic","0","1"
"Pablo Carreno Busta","Fabio Fognini","1","1"
"Pablo Carreno Busta","Oscar Otte","1","0"
"Pablo Carreno Busta","Alexander Bublik","2","0"
"Pablo Carreno Busta","Sebastian Korda","2","0"
"Pablo Carreno Busta","Carlos Alcaraz","0","2"
"Pablo Carreno Busta","Nick Kyrgios","0","1"
"Pablo Carreno Busta","Albert Ramos","2","0"
"Pablo Carreno Busta","Bernabe Zapata Miralles","1","0"
"Pablo Carreno Busta","Federico Coria","0","1"
"Pablo Carreno Busta","Francisco Cerundolo","0","1"
"Pablo Carreno Busta","Marcos Giron","0","1"
"Pablo Carreno Busta","Holger Rune","2","0"
"Pablo Carreno Busta","Jack Draper","1","0"
"Pablo Carreno Busta","Stan Wawrinka","1","0"
"Pablo Carreno Busta","Dominic Thiem","1","0"
"Pablo Carreno Busta","Marc Andrea Huesler","0","1"
"Daniil Medvedev","Jannik Sinner","1","0"
"Daniil Medvedev","Ugo Humbert","0","1"
"Daniil Medvedev","Matteo Berrettini","1","0"
"Daniil Medvedev","Alex De Minaur","1","1"
"Daniil Medvedev","Arthur Rinderknech","1","0"
"Daniil Medvedev","Taylor Fritz","1","0"
"Daniil Medvedev","Hubert Hurkacz","0","2"
"Daniil Medvedev","Stefanos Tsitsipas","1","2"
"Daniil Medvedev","Gael Monfils","0","1"
"Daniil Medvedev","Marin Cilic","0","1"
"Daniil Medvedev","Laslo Djere","1","0"
"Daniil Medvedev","Rafael Nadal","0","2"
"Daniil Medvedev","Maxime Cressy","1","0"
"Daniil Medvedev","Emil Ruusuvuori","1","0"
"Daniil Medvedev","Grigor Dimitrov","1","0"
"Daniil Medvedev","Botic Van De Zandschulp","2","0"
"Daniil Medvedev","Ricardas Berankis","1","0"
"Daniil Medvedev","Facundo Bagnis","1","0"
"Daniil Medvedev","Aslan Karatsev","1","0"
"Daniil Medvedev","Andy Murray","1","0"
"Daniil Medvedev","David Goffin","1","0"
"Daniil Medvedev","Miomir Kecmanovic","2","0"
"Daniil Medvedev","Pedro Martinez","1","0"
"Daniil Medvedev","Oscar Otte","1","0"
"Daniil Medvedev","Adrian Mannarino","1","0"
"Daniil Medvedev","Pablo Andujar","1","0"
"Daniil Medvedev","Benoit Paire","1","0"
"Daniil Medvedev","Andrey Rublev","0","1"
"Daniil Medvedev","Richard Gasquet","0","1"
"Daniil Medvedev","Nick Kyrgios","1","2"
"Daniil Medvedev","Albert Ramos","1","0"
"Daniil Medvedev","Cameron Norrie","1","0"
"Daniil Medvedev","Ilya Ivashka","2","0"
"Daniil Medvedev","Jenson Brooksby","1","0"
"Daniil Medvedev","Yoshihito Nishioka","1","0"
"Daniil Medvedev","Nikoloz Basilashvili","1","0"
"Daniil Medvedev","Novak Djokovic","0","2"
"Daniil Medvedev","Stan Wawrinka","0","1"
"Daniil Medvedev","Dominic Thiem","1","0"
"Casper Ruud","Cristian Garin","1","0"
"Casper Ruud","Ugo Humbert","0","1"
"Casper Ruud","Matteo Berrettini","2","0"
"Casper Ruud","Alexander Zverev","1","0"
"Casper Ruud","Taylor Fritz","1","0"
"Casper Ruud","Hubert Hurkacz","1","1"
"Casper Ruud","Diego Schwartzman","1","0"
"Casper Ruud","Federico Delbonis","1","0"
"Casper Ruud","Karen Khachanov","1","0"
"Casper Ruud","Thanasi Kokkinakis","1","0"
"Casper Ruud","Marin Cilic","1","0"
"Casper Ruud","Tommy Paul","1","0"
"Casper Ruud","Corentin Moutet","1","0"
"Casper Ruud","Rafael Nadal","0","2"
"Casper Ruud","Emil Ruusuvuori","2","0"
"Casper Ruud","Grigor Dimitrov","0","1"
"Casper Ruud","Alex Molcan","2","0"
"Casper Ruud","Botic Van De Zandschulp","1","1"
"Casper Ruud","Jaume Munar","1","1"
"Casper Ruud","Reilly Opelka","1","0"
"Casper Ruud","Lorenzo Sonego","1","0"
"Casper Ruud","Brandon Nakashima","1","0"
"Casper Ruud","Dusan Lajovic","1","1"
"Casper Ruud","Alexander Bublik","1","1"
"Casper Ruud","Carlos Alcaraz","0","2"
"Casper Ruud","Benoit Paire","1","0"
"Casper Ruud","Andrey Rublev","1","0"
"Casper Ruud","Richard Gasquet","1","0"
"Casper Ruud","Nick Kyrgios","0","1"
"Casper Ruud","Albert Ramos","2","0"
"Casper Ruud","Roberto Carballes Baena","1","0"
"Casper Ruud","Joao Sousa","1","0"
"Casper Ruud","Lorenzo Musetti","0","1"
"Casper Ruud","Federico Coria","1","0"
"Casper Ruud","Francisco Cerundolo","1","1"
"Casper Ruud","Jiri Lehecka","1","0"
"Casper Ruud","Cameron Norrie","1","0"
"Casper Ruud","Jenson Brooksby","1","0"
"Casper Ruud","Yoshihito Nishioka","0","1"
"Casper Ruud","Holger Rune","2","0"
"Casper Ruud","Novak Djokovic","0","2"
"Casper Ruud","Stan Wawrinka","0","1"
"Filip Krajinovic","Alejandro Tabilo","1","0"
"Filip Krajinovic","Jannik Sinner","0","1"
"Filip Krajinovic","Matteo Berrettini","0","1"
"Filip Krajinovic","Alex De Minaur","0","1"
"Filip Krajinovic","Daniel Evans","1","1"
"Filip Krajinovic","John Isner","0","1"
"Filip Krajinovic","Diego Schwartzman","0","1"
"Filip Krajinovic","Stefanos Tsitsipas","0","1"
"Filip Krajinovic","Gael Monfils","0","1"
"Filip Krajinovic","Marin Cilic","1","0"
"Filip Krajinovic","Thiago Monteiro","0","1"
"Filip Krajinovic","Alexei Popyrin","1","0"
"Filip Krajinovic","Mackenzie Mcdonald","0","1"
"Filip Krajinovic","Marton Fucsovics","0","1"
"Filip Krajinovic","Reilly Opelka","1","0"
"Filip Krajinovic","David Goffin","1","0"
"Filip Krajinovic","Sebastian Baez","1","0"
"Filip Krajinovic","Dusan Lajovic","1","1"
"Filip Krajinovic","Alexander Bublik","0","1"
"Filip Krajinovic","Carlos Alcaraz","0","1"
"Filip Krajinovic","Frances Tiafoe","1","0"
"Filip Krajinovic","Andrey Rublev","1","0"
"Filip Krajinovic","Nick Kyrgios","0","1"
"Filip Krajinovic","Jiri Lehecka","1","0"
"Filip Krajinovic","Jenson Brooksby","1","0"
"Cristian Garin","Alejandro Tabilo","0","2"
"Cristian Garin","Jannik Sinner","0","1"
"Cristian Garin","Alex De Minaur","1","2"
"Cristian Garin","Alexander Zverev","0","1"
"Cristian Garin","Taylor Fritz","1","0"
"Cristian Garin","John Isner","0","1"
"Cristian Garin","Gael Monfils","0","1"
"Cristian Garin","Marin Cilic","1","0"
"Cristian Garin","Tommy Paul","1","0"
"Cristian Garin","Emil Ruusuvuori","1","0"
"Cristian Garin","Jordan Thompson","1","0"
"Cristian Garin","Facundo Bagnis","1","0"
"Cristian Garin","Sebastian Baez","0","1"
"Cristian Garin","Pedro Martinez","1","1"
"Cristian Garin","Dusan Lajovic","1","0"
"Cristian Garin","Alexander Bublik","0","1"
"Cristian Garin","Sebastian Korda","0","1"
"Cristian Garin","Frances Tiafoe","1","0"
"Cristian Garin","Andrey Rublev","0","1"
"Cristian Garin","Nick Kyrgios","0","1"
"Cristian Garin","Elias Ymer","1","0"
"Cristian Garin","Federico Coria","0","2"
"Cristian Garin","Jiri Lehecka","1","0"
"Cristian Garin","Ilya Ivashka","1","0"
"Cristian Garin","Jenson Brooksby","1","0"
"Cristian Garin","Holger Rune","0","2"
"Cristian Garin","Novak Djokovic","0","1"
"Cristian Garin","Jason Kubler","1","0"
"Alejandro Tabilo","Taylor Fritz","0","1"
"Alejandro Tabilo","Kamil Majchrzak","1","0"
"Alejandro Tabilo","Diego Schwartzman","1","0"
"Alejandro Tabilo","Karen Khachanov","0","1"
"Alejandro Tabilo","Laslo Djere","1","0"
"Alejandro Tabilo","Steve Johnson","1","0"
"Alejandro Tabilo","Benjamin Bonzi","0","1"
"Alejandro Tabilo","Lorenzo Sonego","0","1"
"Alejandro Tabilo","Miomir Kecmanovic","1","1"
"Alejandro Tabilo","Sebastian Baez","1","0"
"Alejandro Tabilo","Pedro Martinez","0","2"
"Alejandro Tabilo","Oscar Otte","0","2"
"Alejandro Tabilo","Carlos Alcaraz","0","1"
"Alejandro Tabilo","Albert Ramos","0","1"
"Alejandro Tabilo","Francisco Cerundolo","1","0"
"Alejandro Tabilo","Hugo Gaston","1","0"
"Alejandro Tabilo","J J Wolf","0","1"
"Jannik Sinner","Alex De Minaur","2","0"
"Jannik Sinner","Arthur Rinderknech","1","0"
"Jannik Sinner","Alexander Zverev","0","1"
"Jannik Sinner","John Isner","1","0"
"Jannik Sinner","Hubert Hurkacz","0","1"
"Jannik Sinner","Stefanos Tsitsipas","0","2"
"Jannik Sinner","Thanasi Kokkinakis","1","0"
"Jannik Sinner","Tommy Paul","1","1"
"Jannik Sinner","Mikael Ymer","1","1"
"Jannik Sinner","Laslo Djere","1","0"
"Jannik Sinner","Taro Daniel","1","0"
"Jannik Sinner","Steve Johnson","1","0"
"Jannik Sinner","Emil Ruusuvuori","2","0"
"Jannik Sinner","Jaume Munar","1","0"
"Jannik Sinner","Mackenzie Mcdonald","1","0"
"Jannik Sinner","Benjamin Bonzi","1","0"
"Jannik Sinner","Andy Murray","1","0"
"Jannik Sinner","Brandon Nakashima","1","0"
"Jannik Sinner","Miomir Kecmanovic","1","0"
"Jannik Sinner","Pedro Martinez","1","0"
"Jannik Sinner","Fabio Fognini","1","0"
"Jannik Sinner","Carlos Alcaraz","2","1"
"Jannik Sinner","Adrian Mannarino","1","0"
"Jannik Sinner","Andrey Rublev","1","1"
"Jannik Sinner","Alejandro Davidovich Fokina","1","0"
"Jannik Sinner","Nick Kyrgios","1","1"
"Jannik Sinner","Roberto Carballes Baena","2","0"
"Jannik Sinner","Joao Sousa","1","0"
"Jannik Sinner","Daniel Altmaier","1","0"
"Jannik Sinner","Francisco Cerundolo","2","1"
"Jannik Sinner","Ilya Ivashka","1","0"
"Jannik Sinner","Holger Rune","0","1"
"Jannik Sinner","Novak Djokovic","0","1"
"Jannik Sinner","Borna Coric","1","0"
"Jannik Sinner","Stan Wawrinka","1","0"
"Jannik Sinner","Marc Andrea Huesler","0","1"
"Ugo Humbert","Matteo Berrettini","0","1"
"Ugo Humbert","Alex De Minaur","0","3"
"Ugo Humbert","Arthur Rinderknech","0","1"
"Ugo Humbert","Jan Lennard Struff","0","1"
"Ugo Humbert","Hubert Hurkacz","0","1"
"Ugo Humbert","Thiago Monteiro","0","1"
"Ugo Humbert","Emil Ruusuvuori","0","1"
"Ugo Humbert","Benjamin Bonzi","0","2"
"Ugo Humbert","Aslan Karatsev","0","1"
"Ugo Humbert","David Goffin","0","1"
"Ugo Humbert","Pedro Martinez","0","1"
"Ugo Humbert","Pablo Andujar","1","0"
"Ugo Humbert","Richard Gasquet","0","2"
"Ugo Humbert","Cameron Norrie","0","1"
"Ugo Humbert","Jenson Brooksby","1","0"
"Ugo Humbert","Holger Rune","0","2"
"Matteo Berrettini","Alex De Minaur","0","1"
"Matteo Berrettini","Daniel Evans","1","0"
"Matteo Berrettini","Gael Monfils","1","0"
"Matteo Berrettini","Tommy Paul","1","1"
"Matteo Berrettini","Taro Daniel","1","0"
"Matteo Berrettini","Thiago Monteiro","1","0"
"Matteo Berrettini","Rafael Nadal","0","1"
"Matteo Berrettini","Botic Van De Zandschulp","1","0"
"Matteo Berrettini","Mackenzie Mcdonald","1","0"
"Matteo Berrettini","Andy Murray","2","0"
"Matteo Berrettini","Lorenzo Sonego","1","0"
"Matteo Berrettini","Brandon Nakashima","1","0"
"Matteo Berrettini","Miomir Kecmanovic","0","1"
"Matteo Berrettini","Sebastian Baez","1","0"
"Matteo Berrettini","Pedro Martinez","1","0"
"Matteo Berrettini","Denis Kudla","1","0"
"Matteo Berrettini","Oscar Otte","1","0"
"Matteo Berrettini","Carlos Alcaraz","1","1"
"Matteo Berrettini","Frances Tiafoe","0","1"
"Matteo Berrettini","Alejandro Davidovich Fokina","1","0"
"Matteo Berrettini","Richard Gasquet","1","0"
"Matteo Berrettini","Roberto Carballes Baena","1","1"
"Matteo Berrettini","Elias Ymer","1","0"
"Matteo Berrettini","Lorenzo Musetti","0","1"
"Matteo Berrettini","Holger Rune","1","0"
"Matteo Berrettini","Borna Coric","1","0"
"Matteo Berrettini","Dominic Thiem","1","0"
"Alex De Minaur","Alexander Zverev","0","1"
"Alex De Minaur","Taylor Fritz","0","2"
"Alex De Minaur","Kamil Majchrzak","1","0"
"Alex De Minaur","Stefanos Tsitsipas","0","2"
"Alex De Minaur","Karen Khachanov","0","1"
"Alex De Minaur","Marin Cilic","1","0"
"Alex De Minaur","Tommy Paul","3","0"
"Alex De Minaur","Soon Woo Kwon","0","1"
"Alex De Minaur","Grigor Dimitrov","1","0"
"Alex De Minaur","Alex Molcan","0","1"
"Alex De Minaur","Botic Van De Zandschulp","1","0"
"Alex De Minaur","Jordan Thompson","1","0"
"Alex De Minaur","Mackenzie Mcdonald","1","0"
"Alex De Minaur","Marton Fucsovics","1","0"
"Alex De Minaur","Benjamin Bonzi","2","0"
"Alex De Minaur","Andy Murray","1","0"
"Alex De Minaur","Reilly Opelka","1","0"
"Alex De Minaur","Lorenzo Sonego","1","0"
"Alex De Minaur","David Goffin","2","0"
"Alex De Minaur","Pedro Martinez","1","0"
"Alex De Minaur","Dusan Lajovic","1","0"
"Alex De Minaur","Sebastian Korda","1","0"
"Alex De Minaur","Carlos Alcaraz","0","1"
"Alex De Minaur","John Millman","1","0"
"Alex De Minaur","Adrian Mannarino","1","1"
"Alex De Minaur","Pablo Andujar","1","0"
"Alex De Minaur","Frances Tiafoe","0","1"
"Alex De Minaur","Andrey Rublev","0","1"
"Alex De Minaur","Alejandro Davidovich Fokina","0","1"
"Alex De Minaur","Nick Kyrgios","0","1"
"Alex De Minaur","Lorenzo Musetti","1","0"
"Alex De Minaur","Bernabe Zapata Miralles","1","0"
"Alex De Minaur","Cameron Norrie","1","0"
"Alex De Minaur","Ilya Ivashka","1","0"
"Alex De Minaur","Jenson Brooksby","1","0"
"Alex De Minaur","Yoshihito Nishioka","0","1"
"Alex De Minaur","Hugo Gaston","0","1"
"Alex De Minaur","Holger Rune","0","2"
"Alex De Minaur","J J Wolf","1","0"
"Alex De Minaur","Jack Draper","1","0"
"James Duckworth","Alex De Minaur","0","1"
"Arthur Rinderknech","Daniel Evans","0","1"
"Arthur Rinderknech","Hubert Hurkacz","0","2"
"Arthur Rinderknech","Diego Schwartzman","1","0"
"Arthur Rinderknech","Karen Khachanov","1","0"
"Arthur Rinderknech","Thanasi Kokkinakis","0","1"
"Arthur Rinderknech","Marin Cilic","1","0"
"Arthur Rinderknech","Laslo Djere","1","0"
"Arthur Rinderknech","Soon Woo Kwon","1","0"
"Arthur Rinderknech","Corentin Moutet","1","0"
"Arthur Rinderknech","Alex Molcan","1","0"
"Arthur Rinderknech","Jaume Munar","1","0"
"Arthur Rinderknech","Alexei Popyrin","1","0"
"Arthur Rinderknech","Mackenzie Mcdonald","1","0"
"Arthur Rinderknech","Benjamin Bonzi","0","2"
"Arthur Rinderknech","Fabio Fognini","0","1"
"Arthur Rinderknech","Alexander Bublik","1","1"
"Arthur Rinderknech","Sebastian Korda","0","1"
"Arthur Rinderknech","Adrian Mannarino","0","1"
"Arthur Rinderknech","Jiri Vesely","1","0"
"Arthur Rinderknech","Nikoloz Basilashvili","1","1"
"Arthur Rinderknech","Holger Rune","0","2"
"Arthur Rinderknech","Jack Draper","0","1"
"Arthur Rinderknech","James Duckworth","1","0"
"Alexander Zverev","Taylor Fritz","1","0"
"Alexander Zverev","Federico Delbonis","1","0"
"Alexander Zverev","Stefanos Tsitsipas","1","2"
"Alexander Zverev","Thanasi Kokkinakis","1","0"
"Alexander Zverev","Marin Cilic","1","0"
"Alexander Zverev","Tommy Paul","0","1"
"Alexander Zverev","Mikael Ymer","1","0"
"Alexander Zverev","Thiago Monteiro","1","0"
"Alexander Zverev","Rafael Nadal","0","1"
"Alexander Zverev","Mackenzie Mcdonald","2","0"
"Alexander Zverev","Brandon Nakashima","1","0"
"Alexander Zverev","Sebastian Baez","2","0"
"Alexander Zverev","Alexander Bublik","0","1"
"Alexander Zverev","Carlos Alcaraz","1","1"
"Alexander Zverev","John Millman","1","0"
"Alexander Zverev","Adrian Mannarino","1","0"
"Alexander Zverev","Daniel Altmaier","1","0"
"Alexander Zverev","Lorenzo Musetti","1","0"
"Alexander Zverev","Bernabe Zapata Miralles","1","0"
"Alexander Zverev","Cameron Norrie","1","0"
"Alexander Zverev","Jenson Brooksby","1","0"
"Alexander Zverev","Holger Rune","0","1"
"Alexander Zverev","Borna Coric","1","0"
"Daniel Evans","Jan Lennard Struff","1","0"
"Daniel Evans","Taylor Fritz","2","0"
"Daniel Evans","John Isner","1","0"
"Daniel Evans","Federico Delbonis","1","0"
"Daniel Evans","Stefanos Tsitsipas","0","1"
"Daniel Evans","Karen Khachanov","1","0"
"Daniel Evans","Marin Cilic","0","1"
"Daniel Evans","Tommy Paul","1","1"
"Daniel Evans","Mikael Ymer","0","1"
"Daniel Evans","Taro Daniel","1","0"
"Daniel Evans","Rafael Nadal","0","1"
"Daniel Evans","Maxime Cressy","1","2"
"Daniel Evans","Tallon Griekspoor","2","0"
"Daniel Evans","Benjamin Bonzi","1","0"
"Daniel Evans","Aslan Karatsev","0","1"
"Daniel Evans","Brandon Nakashima","1","0"
"Daniel Evans","David Goffin","1","1"
"Daniel Evans","Miomir Kecmanovic","0","1"
"Daniel Evans","Pedro Martinez","1","0"
"Daniel Evans","Oscar Otte","1","0"
"Daniel Evans","Adrian Mannarino","1","0"
"Daniel Evans","Pablo Andujar","0","1"
"Daniel Evans","Andrey Rublev","1","2"
"Daniel Evans","Alejandro Davidovich Fokina","0","1"
"Daniel Evans","Jiri Vesely","1","0"
"Daniel Evans","Lorenzo Musetti","0","1"
"Daniel Evans","Federico Coria","1","0"
"Daniel Evans","Francisco Cerundolo","1","0"
"Daniel Evans","Marcos Giron","0","1"
"Daniel Evans","Yoshihito Nishioka","0","3"
"Daniel Evans","Nikoloz Basilashvili","0","1"
"Daniel Evans","Jason Kubler","0","1"
"Daniel Evans","James Duckworth","1","0"
"Jan Lennard Struff","John Isner","1","0"
"Jan Lennard Struff","Karen Khachanov","0","1"
"Jan Lennard Struff","Corentin Moutet","0","1"
"Jan Lennard Struff","Thiago Monteiro","0","1"
"Jan Lennard Struff","Botic Van De Zandschulp","0","1"
"Jan Lennard Struff","Ricardas Berankis","0","1"
"Jan Lennard Struff","Benjamin Bonzi","1","0"
"Jan Lennard Struff","Lorenzo Sonego","0","1"
"Jan Lennard Struff","Pedro Martinez","0","1"
"Jan Lennard Struff","Dusan Lajovic","1","0"
"Jan Lennard Struff","Carlos Alcaraz","0","1"
"Jan Lennard Struff","John Millman","0","1"
"Jan Lennard Struff","Lorenzo Musetti","0","1"
"Jan Lennard Struff","Ilya Ivashka","0","1"
"Jan Lennard Struff","Marcos Giron","1","0"
"Taylor Fritz","Kamil Majchrzak","1","0"
"Taylor Fritz","Stefanos Tsitsipas","0","1"
"Taylor Fritz","Marin Cilic","1","0"
"Taylor Fritz","Tommy Paul","1","0"
"Taylor Fritz","Thiago Monteiro","1","0"
"Taylor Fritz","Rafael Nadal","2","1"
"Taylor Fritz","Maxime Cressy","1","0"
"Taylor Fritz","Alex Molcan","1","0"
"Taylor Fritz","Botic Van De Zandschulp","0","1"
"Taylor Fritz","Jaume Munar","1","0"
"Taylor Fritz","Alexei Popyrin","1","0"
"Taylor Fritz","Andy Murray","1","0"
"Taylor Fritz","Miomir Kecmanovic","1","1"
"Taylor Fritz","Sebastian Baez","1","0"
"Taylor Fritz","Alexander Bublik","2","0"
"Taylor Fritz","Sebastian Korda","1","0"
"Taylor Fritz","Adrian Mannarino","1","0"
"Taylor Fritz","Frances Tiafoe","3","0"
"Taylor Fritz","Andrey Rublev","2","0"
"Taylor Fritz","Alejandro Davidovich Fokina","1","1"
"Taylor Fritz","Nick Kyrgios","2","0"
"Taylor Fritz","Lorenzo Musetti","2","0"
"Taylor Fritz","Bernabe Zapata Miralles","0","1"
"Taylor Fritz","Cameron Norrie","2","1"
"Taylor Fritz","Marcos Giron","0","1"
"Taylor Fritz","Yoshihito Nishioka","1","1"
"Taylor Fritz","Novak Djokovic","0","1"
"Taylor Fritz","Jack Draper","0","1"
"Taylor Fritz","Jason Kubler","1","0"
"Taylor Fritz","James Duckworth","1","0"
"John Isner","Hubert Hurkacz","1","0"
"John Isner","Diego Schwartzman","1","0"
"John Isner","Federico Delbonis","1","0"
"John Isner","Stefanos Tsitsipas","0","1"
"John Isner","Thanasi Kokkinakis","0","1"
"John Isner","Steve Johnson","1","0"
"John Isner","Rafael Nadal","0","1"
"John Isner","Maxime Cressy","0","2"
"John Isner","Grigor Dimitrov","0","1"
"John Isner","Benjamin Bonzi","2","0"
"John Isner","Andy Murray","1","0"
"John Isner","Reilly Opelka","0","2"
"John Isner","Oscar Otte","1","0"
"John Isner","Sebastian Korda","1","0"
"John Isner","Frances Tiafoe","1","0"
"John Isner","Andrey Rublev","0","1"
"John Isner","Bernabe Zapata Miralles","0","1"
"John Isner","Francisco Cerundolo","1","0"
"John Isner","Cameron Norrie","0","2"
"John Isner","Jenson Brooksby","0","1"
"John Isner","Hugo Gaston","0","1"
"John Isner","Holger Rune","0","1"
"Hubert Hurkacz","Diego Schwartzman","1","0"
"Hubert Hurkacz","Stefanos Tsitsipas","0","1"
"Hubert Hurkacz","Steve Johnson","1","0"
"Hubert Hurkacz","Maxime Cressy","1","0"
"Hubert Hurkacz","Emil Ruusuvuori","2","1"
"Hubert Hurkacz","Grigor Dimitrov","0","1"
"Hubert Hurkacz","Alex Molcan","1","0"
"Hubert Hurkacz","Marton Fucsovics","0","1"
"Hubert Hurkacz","Aslan Karatsev","1","0"
"Hubert Hurkacz","Lorenzo Sonego","0","1"
"Hubert Hurkacz","David Goffin","1","1"
"Hubert Hurkacz","Pedro Martinez","1","0"
"Hubert Hurkacz","Dusan Lajovic","1","0"
"Hubert Hurkacz","Oscar Otte","2","0"
"Hubert Hurkacz","Alexander Bublik","2","0"
"Hubert Hurkacz","Carlos Alcaraz","0","1"
"Hubert Hurkacz","Adrian Mannarino","1","1"
"Hubert Hurkacz","Frances Tiafoe","1","0"
"Hubert Hurkacz","Andrey Rublev","0","2"
"Hubert Hurkacz","Alejandro Davidovich Fokina","1","1"
"Hubert Hurkacz","Nick Kyrgios","2","0"
"Hubert Hurkacz","Albert Ramos","2","0"
"Hubert Hurkacz","Lorenzo Musetti","0","1"
"Hubert Hurkacz","Francisco Cerundolo","1","0"
"Hubert Hurkacz","Ilya Ivashka","0","1"
"Hubert Hurkacz","Holger Rune","0","1"
"Hubert Hurkacz","Novak Djokovic","0","1"
"Hubert Hurkacz","Jack Draper","1","0"
"Hubert Hurkacz","Borna Coric","0","1"
"Hubert Hurkacz","Dominic Thiem","1","1"
"Kamil Majchrzak","Federico Delbonis","1","0"
"Kamil Majchrzak","Karen Khachanov","0","1"
"Kamil Majchrzak","Thanasi Kokkinakis","0","1"
"Kamil Majchrzak","Emil Ruusuvuori","0","1"
"Kamil Majchrzak","Ricardas Berankis","1","0"
"Kamil Majchrzak","Benjamin Bonzi","0","1"
"Kamil Majchrzak","Brandon Nakashima","0","1"
"Kamil Majchrzak","Sebastian Baez","1","0"
"Kamil Majchrzak","Oscar Otte","1","0"
"Kamil Majchrzak","Alexander Bublik","1","0"
"Kamil Majchrzak","Richard Gasquet","0","2"
"Kamil Majchrzak","Nick Kyrgios","0","1"
"Kamil Majchrzak","Lorenzo Musetti","1","0"
"Kamil Majchrzak","Marc Andrea Huesler","0","1"
"Diego Schwartzman","Stefanos Tsitsipas","1","3"
"Diego Schwartzman","Karen Khachanov","1","0"
"Diego Schwartzman","Thanasi Kokkinakis","0","1"
"Diego Schwartzman","Mikael Ymer","0","1"
"Diego Schwartzman","Maxime Cressy","0","1"
"Diego Schwartzman","Emil Ruusuvuori","1","1"
"Diego Schwartzman","Grigor Dimitrov","1","1"
"Diego Schwartzman","Alex Molcan","1","0"
"Diego Schwartzman","Jaume Munar","2","0"
"Diego Schwartzman","Alexei Popyrin","1","0"
"Diego Schwartzman","Mackenzie Mcdonald","1","0"
"Diego Schwartzman","Marton Fucsovics","1","0"
"Diego Schwartzman","Aslan Karatsev","1","0"
"Diego Schwartzman","Lorenzo Sonego","1","0"
"Diego Schwartzman","David Goffin","0","1"
"Diego Schwartzman","Miomir Kecmanovic","1","0"
"Diego Schwartzman","Pedro Martinez","1","0"
"Diego Schwartzman","Carlos Alcaraz","0","1"
"Diego Schwartzman","Pablo Andujar","1","0"
"Diego Schwartzman","Frances Tiafoe","0","1"
"Diego Schwartzman","Benoit Paire","1","0"
"Diego Schwartzman","Andrey Rublev","0","1"
"Diego Schwartzman","Alejandro Davidovich Fokina","1","0"
"Diego Schwartzman","Albert Ramos","0","1"
"Diego Schwartzman","Daniel Elahi Galan","1","0"
"Diego Schwartzman","Elias Ymer","1","0"
"Diego Schwartzman","Lorenzo Musetti","2","0"
"Diego Schwartzman","Francisco Cerundolo","2","0"
"Diego Schwartzman","Marcos Giron","0","1"
"Diego Schwartzman","Nikoloz Basilashvili","1","0"
"Diego Schwartzman","Novak Djokovic","0","1"
"Diego Schwartzman","Jack Draper","0","1"
"Federico Delbonis","Thanasi Kokkinakis","0","1"
"Federico Delbonis","Mikael Ymer","1","0"
"Federico Delbonis","Thiago Monteiro","0","1"
"Federico Delbonis","Jaume Munar","1","0"
"Federico Delbonis","Ricardas Berankis","1","0"
"Federico Delbonis","Marton Fucsovics","0","1"
"Federico Delbonis","Andy Murray","0","1"
"Federico Delbonis","Pedro Martinez","0","1"
"Federico Delbonis","Fabio Fognini","1","0"
"Federico Delbonis","Denis Kudla","0","1"
"Federico Delbonis","Carlos Alcaraz","0","1"
"Federico Delbonis","Adrian Mannarino","1","0"
"Federico Delbonis","Pablo Andujar","1","0"
"Federico Delbonis","Andrey Rublev","0","1"
"Federico Delbonis","Nick Kyrgios","0","1"
"Federico Delbonis","Daniel Elahi Galan","1","0"
"Federico Delbonis","Joao Sousa","0","1"
"Federico Delbonis","Federico Coria","0","1"
"Federico Delbonis","Dominic Thiem","0","1"
"Stefanos Tsitsipas","Karen Khachanov","1","0"
"Stefanos Tsitsipas","Tommy Paul","1","0"
"Stefanos Tsitsipas","Mikael Ymer","3","0"
"Stefanos Tsitsipas","Laslo Djere","2","0"
"Stefanos Tsitsipas","Corentin Moutet","1","0"
"Stefanos Tsitsipas","Maxime Cressy","1","0"
"Stefanos Tsitsipas","Emil Ruusuvuori","1","0"
"Stefanos Tsitsipas","Grigor Dimitrov","3","0"
"Stefanos Tsitsipas","Jordan Thompson","1","0"
"Stefanos Tsitsipas","Benjamin Bonzi","2","0"
"Stefanos Tsitsipas","Andy Murray","0","1"
"Stefanos Tsitsipas","Sebastian Baez","1","0"
"Stefanos Tsitsipas","Fabio Fognini","1","0"
"Stefanos Tsitsipas","Carlos Alcaraz","0","2"
"Stefanos Tsitsipas","Frances Tiafoe","0","1"
"Stefanos Tsitsipas","Benoit Paire","1","0"
"Stefanos Tsitsipas","Andrey Rublev","2","1"
"Stefanos Tsitsipas","Alejandro Davidovich Fokina","2","0"
"Stefanos Tsitsipas","Nick Kyrgios","0","2"
"Stefanos Tsitsipas","Daniel Elahi Galan","0","1"
"Stefanos Tsitsipas","Lorenzo Musetti","1","0"
"Stefanos Tsitsipas","Jiri Lehecka","1","0"
"Stefanos Tsitsipas","Cameron Norrie","0","1"
"Stefanos Tsitsipas","Ilya Ivashka","3","0"
"Stefanos Tsitsipas","Jenson Brooksby","0","1"
"Stefanos Tsitsipas","Marcos Giron","2","0"
"Stefanos Tsitsipas","Nikoloz Basilashvili","1","0"
"Stefanos Tsitsipas","Hugo Gaston","1","0"
"Stefanos Tsitsipas","Holger Rune","0","2"
"Stefanos Tsitsipas","J J Wolf","2","0"
"Stefanos Tsitsipas","Novak Djokovic","0","4"
"Stefanos Tsitsipas","Jack Draper","0","1"
"Stefanos Tsitsipas","Borna Coric","0","2"
"Gael Monfils","Karen Khachanov","1","0"
"Gael Monfils","Thanasi Kokkinakis","1","0"
"Gael Monfils","Tommy Paul","1","0"
"Gael Monfils","Mikael Ymer","0","1"
"Gael Monfils","Thiago Monteiro","0","1"
"Gael Monfils","Maxime Cressy","1","0"
"Gael Monfils","Miomir Kecmanovic","1","0"
"Gael Monfils","Pedro Martinez","1","0"
"Gael Monfils","Oscar Otte","1","0"
"Gael Monfils","Alexander Bublik","1","0"
"Gael Monfils","Carlos Alcaraz","0","1"
"Gael Monfils","Federico Coria","1","0"
"Gael Monfils","Francisco Cerundolo","0","1"
"Gael Monfils","Novak Djokovic","0","1"
"Gael Monfils","Jack Draper","0","1"
"Karen Khachanov","Marin Cilic","3","1"
"Karen Khachanov","Tommy Paul","0","1"
"Karen Khachanov","Laslo Djere","1","0"
"Karen Khachanov","Thiago Monteiro","2","0"
"Karen Khachanov","Steve Johnson","1","0"
"Karen Khachanov","Rafael Nadal","0","1"
"Karen Khachanov","Maxime Cressy","1","0"
"Karen Khachanov","Emil Ruusuvuori","1","0"
"Karen Khachanov","Alex Molcan","0","1"
"Karen Khachanov","Alexei Popyrin","1","0"
"Karen Khachanov","Mackenzie Mcdonald","1","0"
"Karen Khachanov","Benjamin Bonzi","1","0"
"Karen Khachanov","Aslan Karatsev","1","0"
"Karen Khachanov","Sebastian Baez","1","0"
"Karen Khachanov","Fabio Fognini","1","0"
"Karen Khachanov","Denis Kudla","2","0"
"Karen Khachanov","Oscar Otte","0","1"
"Karen Khachanov","Sebastian Korda","0","2"
"Karen Khachanov","Carlos Alcaraz","0","2"
"Karen Khachanov","Nick Kyrgios","1","0"
"Karen Khachanov","Francisco Cerundolo","1","0"
"Karen Khachanov","Cameron Norrie","1","1"
"Karen Khachanov","Jenson Brooksby","0","1"
"Karen Khachanov","Yoshihito Nishioka","0","1"
"Karen Khachanov","J J Wolf","1","0"
"Karen Khachanov","Novak Djokovic","0","4"
"Karen Khachanov","Jack Draper","1","0"
"Karen Khachanov","Marc Andrea Huesler","1","0"
"Thanasi Kokkinakis","Marin Cilic","1","0"
"Thanasi Kokkinakis","Mikael Ymer","1","0"
"Thanasi Kokkinakis","Steve Johnson","0","1"
"Thanasi Kokkinakis","Marton Fucsovics","0","1"
"Thanasi Kokkinakis","Fabio Fognini","1","0"
"Thanasi Kokkinakis","Denis Kudla","1","0"
"Thanasi Kokkinakis","Oscar Otte","1","0"
"Thanasi Kokkinakis","Sebastian Korda","0","2"
"Thanasi Kokkinakis","John Millman","1","0"
"Thanasi Kokkinakis","Frances Tiafoe","1","0"
"Thanasi Kokkinakis","Benoit Paire","1","0"
"Thanasi Kokkinakis","Richard Gasquet","1","0"
"Thanasi Kokkinakis","Nick Kyrgios","0","1"
"Thanasi Kokkinakis","Albert Ramos","0","1"
"Thanasi Kokkinakis","Novak Djokovic","0","1"
"Thanasi Kokkinakis","Borna Coric","0","2"
"Thanasi Kokkinakis","James Duckworth","0","1"
"Marin Cilic","Tommy Paul","1","1"
"Marin Cilic","Laslo Djere","1","0"
"Marin Cilic","Thiago Monteiro","1","0"
"Marin Cilic","Emil Ruusuvuori","2","0"
"Marin Cilic","Botic Van De Zandschulp","1","0"
"Marin Cilic","Jaume Munar","2","0"
"Marin Cilic","Alexei Popyrin","1","0"
"Marin Cilic","Marton Fucsovics","1","0"
"Marin Cilic","Miomir Kecmanovic","0","1"
"Marin Cilic","Sebastian Baez","0","1"
"Marin Cilic","Oscar Otte","1","0"
"Marin Cilic","Alexander Bublik","1","0"
"Marin Cilic","Carlos Alcaraz","0","3"
"Marin Cilic","Andrey Rublev","2","0"
"Marin Cilic","Albert Ramos","2","0"
"Marin Cilic","Jiri Vesely","0","1"
"Marin Cilic","Lorenzo Musetti","0","1"
"Marin Cilic","Cameron Norrie","1","0"
"Marin Cilic","Novak Djokovic","0","1"
"Marin Cilic","Borna Coric","1","0"
"Marin Cilic","Dominic Thiem","1","0"
"Tommy Paul","Mikael Ymer","0","1"
"Tommy Paul","Taro Daniel","1","0"
"Tommy Paul","Soon Woo Kwon","1","0"
"Tommy Paul","Rafael Nadal","1","1"
"Tommy Paul","Tallon Griekspoor","0","2"
"Tommy Paul","Benjamin Bonzi","2","0"
"Tommy Paul","Brandon Nakashima","0","1"
"Tommy Paul","Miomir Kecmanovic","0","1"
"Tommy Paul","Dusan Lajovic","1","0"
"Tommy Paul","Sebastian Korda","1","0"
"Tommy Paul","Carlos Alcaraz","1","0"
"Tommy Paul","Adrian Mannarino","1","0"
"Tommy Paul","Frances Tiafoe","1","0"
"Tommy Paul","Andrey Rublev","0","1"
"Tommy Paul","Richard Gasquet","0","1"
"Tommy Paul","Nick Kyrgios","0","2"
"Tommy Paul","Albert Ramos","1","0"
"Tommy Paul","Jiri Vesely","2","0"
"Tommy Paul","Bernabe Zapata Miralles","1","0"
"Tommy Paul","Francisco Cerundolo","1","0"
"Tommy Paul","Cameron Norrie","0","2"
"Tommy Paul","Ilya Ivashka","0","1"
"Tommy Paul","Jenson Brooksby","1","0"
"Tommy Paul","Stan Wawrinka","1","0"
"Tommy Paul","Dominic Thiem","0","1"
"Mikael Ymer","Soon Woo Kwon","1","0"
"Mikael Ymer","Corentin Moutet","1","0"
"Mikael Ymer","Emil Ruusuvuori","1","0"
"Mikael Ymer","Jaume Munar","0","1"
"Mikael Ymer","Benjamin Bonzi","1","0"
"Mikael Ymer","Aslan Karatsev","2","0"
"Mikael Ymer","Andy Murray","1","0"
"Mikael Ymer","Alexander Bublik","1","0"
"Mikael Ymer","Sebastian Korda","1","0"
"Mikael Ymer","Adrian Mannarino","1","0"
"Mikael Ymer","Richard Gasquet","1","1"
"Mikael Ymer","Nick Kyrgios","0","1"
"Mikael Ymer","Roberto Carballes Baena","1","0"
"Mikael Ymer","Daniel Altmaier","1","0"
"Mikael Ymer","Lorenzo Musetti","0","1"
"Mikael Ymer","Federico Coria","1","0"
"Mikael Ymer","Ilya Ivashka","0","1"
"Mikael Ymer","J J Wolf","0","1"
"Mikael Ymer","Borna Coric","0","1"
"Mikael Ymer","Stan Wawrinka","0","1"
"Mikael Ymer","Jason Kubler","0","1"
"Mikael Ymer","Marc Andrea Huesler","0","1"
"Mikael Ymer","James Duckworth","1","0"
"Laslo Djere","Soon Woo Kwon","1","0"
"Laslo Djere","Corentin Moutet","1","0"
"Laslo Djere","Maxime Cressy","1","0"
"Laslo Djere","Alex Molcan","0","1"
"Laslo Djere","Ricardas Berankis","1","0"
"Laslo Djere","Lorenzo Sonego","1","1"
"Laslo Djere","David Goffin","1","0"
"Laslo Djere","Miomir Kecmanovic","0","1"
"Laslo Djere","Adrian Mannarino","0","1"
"Laslo Djere","Andrey Rublev","0","3"
"Laslo Djere","Richard Gasquet","1","0"
"Laslo Djere","Nick Kyrgios","0","1"
"Laslo Djere","Albert Ramos","0","1"
"Laslo Djere","Roberto Carballes Baena","1","0"
"Laslo Djere","Joao Sousa","1","0"
"Laslo Djere","Lorenzo Musetti","2","1"
"Laslo Djere","Jiri Lehecka","1","0"
"Laslo Djere","Novak Djokovic","0","1"
"Laslo Djere","Borna Coric","1","1"
"Laslo Djere","Stan Wawrinka","0","1"
"Laslo Djere","Jason Kubler","1","0"
"Laslo Djere","Dominic Thiem","0","1"
"Laslo Djere","Marc Andrea Huesler","2","0"
"Taro Daniel","Tallon Griekspoor","0","1"
"Taro Daniel","Jaume Munar","1","0"
"Taro Daniel","Andy Murray","1","2"
"Taro Daniel","David Goffin","1","0"
"Taro Daniel","Sebastian Baez","0","1"
"Taro Daniel","Pedro Martinez","1","0"
"Taro Daniel","Dusan Lajovic","1","0"
"Taro Daniel","Fabio Fognini","0","1"
"Taro Daniel","Sebastian Korda","1","0"
"Taro Daniel","Frances Tiafoe","0","1"
"Taro Daniel","Andrey Rublev","0","1"
"Taro Daniel","Richard Gasquet","0","1"
"Taro Daniel","Elias Ymer","0","1"
"Taro Daniel","Lorenzo Musetti","1","0"
"Taro Daniel","Bernabe Zapata Miralles","0","1"
"Taro Daniel","Yoshihito Nishioka","0","1"
"Taro Daniel","Holger Rune","1","0"
"Taro Daniel","J J Wolf","0","1"
"Soon Woo Kwon","Mackenzie Mcdonald","1","0"
"Soon Woo Kwon","Marton Fucsovics","0","1"
"Soon Woo Kwon","Brandon Nakashima","0","1"
"Soon Woo Kwon","Miomir Kecmanovic","0","1"
"Soon Woo Kwon","Pedro Martinez","1","0"
"Soon Woo Kwon","Carlos Alcaraz","0","2"
"Soon Woo Kwon","Frances Tiafoe","0","1"
"Soon Woo Kwon","Benoit Paire","2","0"
"Soon Woo Kwon","Andrey Rublev","0","4"
"Soon Woo Kwon","Richard Gasquet","0","1"
"Soon Woo Kwon","Albert Ramos","0","1"
"Soon Woo Kwon","Daniel Altmaier","1","0"
"Soon Woo Kwon","Cameron Norrie","0","1"
"Soon Woo Kwon","Ilya Ivashka","1","0"
"Soon Woo Kwon","Jenson Brooksby","0","1"
"Soon Woo Kwon","Marcos Giron","1","0"
"Soon Woo Kwon","Yoshihito Nishioka","1","0"
"Soon Woo Kwon","Hugo Gaston","2","1"
"Soon Woo Kwon","Holger Rune","1","0"
"Soon Woo Kwon","Novak Djokovic","0","1"
"Soon Woo Kwon","Jason Kubler","0","1"
"Corentin Moutet","Thiago Monteiro","1","0"
"Corentin Moutet","Rafael Nadal","0","1"
"Corentin Moutet","Botic Van De Zandschulp","1","0"
"Corentin Moutet","Facundo Bagnis","0","1"
"Corentin Moutet","Marton Fucsovics","1","0"
"Corentin Moutet","Miomir Kecmanovic","0","1"
"Corentin Moutet","Alexander Bublik","0","1"
"Corentin Moutet","Sebastian Korda","0","1"
"Corentin Moutet","Daniel Altmaier","1","0"
"Corentin Moutet","Cameron Norrie","1","0"
"Corentin Moutet","Hugo Gaston","0","1"
"Corentin Moutet","Holger Rune","1","0"
"Corentin Moutet","Borna Coric","1","0"
"Corentin Moutet","Stan Wawrinka","2","0"
"Thiago Monteiro","Grigor Dimitrov","0","1"
"Thiago Monteiro","Alex Molcan","1","0"
"Thiago Monteiro","Jaume Munar","0","1"
"Thiago Monteiro","Benjamin Bonzi","1","1"
"Thiago Monteiro","Sebastian Baez","1","1"
"Thiago Monteiro","Pedro Martinez","0","1"
"Thiago Monteiro","Denis Kudla","1","0"
"Thiago Monteiro","Pablo Andujar","0","1"
"Thiago Monteiro","Benoit Paire","0","1"
"Thiago Monteiro","Albert Ramos","1","0"
"Thiago Monteiro","Joao Sousa","1","1"
"Thiago Monteiro","Daniel Altmaier","1","0"
"Thiago Monteiro","Jiri Lehecka","0","1"
"Thiago Monteiro","Yoshihito Nishioka","1","0"
"Thiago Monteiro","Nikoloz Basilashvili","1","0"
"Thiago Monteiro","Holger Rune","0","1"
"Steve Johnson","Maxime Cressy","0","1"
"Steve Johnson","Grigor Dimitrov","1","1"
"Steve Johnson","Jordan Thompson","1","0"
"Steve Johnson","Aslan Karatsev","1","0"
"Steve Johnson","Pedro Martinez","1","0"
"Steve Johnson","Denis Kudla","1","0"
"Steve Johnson","Adrian Mannarino","0","1"
"Steve Johnson","Richard Gasquet","0","1"
"Steve Johnson","Daniel Altmaier","1","0"
"Steve Johnson","Jiri Vesely","2","0"
"Steve Johnson","Cameron Norrie","0","1"
"Steve Johnson","Ilya Ivashka","0","1"
"Rafael Nadal","Maxime Cressy","1","0"
"Rafael Nadal","Emil Ruusuvuori","1","0"
"Rafael Nadal","Tallon Griekspoor","1","0"
"Rafael Nadal","Botic Van De Zandschulp","2","0"
"Rafael Nadal","Ricardas Berankis","2","0"
"Rafael Nadal","Jordan Thompson","1","0"
"Rafael Nadal","Reilly Opelka","1","0"
"Rafael Nadal","Lorenzo Sonego","1","0"
"Rafael Nadal","David Goffin","1","0"
"Rafael Nadal","Miomir Kecmanovic","1","0"
"Rafael Nadal","Fabio Fognini","1","0"
"Rafael Nadal","Denis Kudla","1","0"
"Rafael Nadal","Sebastian Korda","1","0"
"Rafael Nadal","Carlos Alcaraz","1","1"
"Rafael Nadal","Adrian Mannarino","1","0"
"Rafael Nadal","Frances Tiafoe","0","1"
"Rafael Nadal","Richard Gasquet","1","0"
"Rafael Nadal","Nick Kyrgios","1","1"
"Rafael Nadal","Francisco Cerundolo","1","0"
"Rafael Nadal","Cameron Norrie","1","0"
"Rafael Nadal","Marcos Giron","1","0"
"Rafael Nadal","Novak Djokovic","1","0"
"Rafael Nadal","Borna Coric","0","1"
"Maxime Cressy","Emil Ruusuvuori","0","2"
"Maxime Cressy","Grigor Dimitrov","1","1"
"Maxime Cressy","Botic Van De Zandschulp","0","1"
"Maxime Cressy","Jaume Munar","1","0"
"Maxime Cressy","Marton Fucsovics","0","1"
"Maxime Cressy","Aslan Karatsev","1","0"
"Maxime Cressy","Reilly Opelka","2","0"
"Maxime Cressy","Lorenzo Sonego","1","0"
"Maxime Cressy","Dusan Lajovic","1","0"
"Maxime Cressy","Alexander Bublik","1","0"
"Maxime Cressy","Sebastian Korda","1","0"
"Maxime Cressy","John Millman","0","1"
"Maxime Cressy","Adrian Mannarino","1","1"
"Maxime Cressy","Andrey Rublev","0","1"
"Maxime Cressy","Elias Ymer","0","1"
"Maxime Cressy","Cameron Norrie","1","0"
"Maxime Cressy","Ilya Ivashka","1","0"
"Maxime Cressy","Nikoloz Basilashvili","0","1"
"Maxime Cressy","J J Wolf","0","1"
"Maxime Cressy","Novak Djokovic","0","1"
"Maxime Cressy","Jack Draper","1","0"
"Maxime Cressy","James Duckworth","1","0"
"Emil Ruusuvuori","Alex Molcan","1","0"
"Emil Ruusuvuori","Botic Van De Zandschulp","1","1"
"Emil Ruusuvuori","Jordan Thompson","1","0"
"Emil Ruusuvuori","Mackenzie Mcdonald","1","0"
"Emil Ruusuvuori","Lorenzo Sonego","1","0"
"Emil Ruusuvuori","David Goffin","1","1"
"Emil Ruusuvuori","Sebastian Baez","1","0"
"Emil Ruusuvuori","Oscar Otte","1","0"
"Emil Ruusuvuori","Alexander Bublik","1","1"
"Emil Ruusuvuori","Adrian Mannarino","0","1"
"Emil Ruusuvuori","Frances Tiafoe","1","0"
"Emil Ruusuvuori","Benoit Paire","0","1"
"Emil Ruusuvuori","Joao Sousa","1","1"
"Emil Ruusuvuori","Jiri Vesely","1","0"
"Emil Ruusuvuori","Lorenzo Musetti","0","1"
"Emil Ruusuvuori","Jiri Lehecka","2","0"
"Emil Ruusuvuori","Ilya Ivashka","0","2"
"Emil Ruusuvuori","Yoshihito Nishioka","2","0"
"Emil Ruusuvuori","Holger Rune","0","1"
"Emil Ruusuvuori","J J Wolf","2","0"
"Emil Ruusuvuori","Jack Draper","1","1"
"Emil Ruusuvuori","Stan Wawrinka","1","0"
"Emil Ruusuvuori","Dominic Thiem","0","1"
"Emil Ruusuvuori","Marc Andrea Huesler","1","0"
"Grigor Dimitrov","Botic Van De Zandschulp","2","1"
"Grigor Dimitrov","Jordan Thompson","1","0"
"Grigor Dimitrov","Mackenzie Mcdonald","0","1"
"Grigor Dimitrov","Facundo Bagnis","1","0"
"Grigor Dimitrov","Brandon Nakashima","1","1"
"Grigor Dimitrov","Dusan Lajovic","1","0"
"Grigor Dimitrov","Fabio Fognini","1","0"
"Grigor Dimitrov","Alexander Bublik","1","0"
"Grigor Dimitrov","Sebastian Korda","0","1"
"Grigor Dimitrov","Carlos Alcaraz","0","1"
"Grigor Dimitrov","John Millman","0","1"
"Grigor Dimitrov","Adrian Mannarino","1","0"
"Grigor Dimitrov","Benoit Paire","0","1"
"Grigor Dimitrov","Andrey Rublev","1","1"
"Grigor Dimitrov","Alejandro Davidovich Fokina","0","1"
"Grigor Dimitrov","Federico Coria","1","0"
"Grigor Dimitrov","Jiri Lehecka","1","1"
"Grigor Dimitrov","Cameron Norrie","1","0"
"Grigor Dimitrov","Ilya Ivashka","0","1"
"Grigor Dimitrov","Marcos Giron","2","0"
"Grigor Dimitrov","Nikoloz Basilashvili","1","0"
"Grigor Dimitrov","Borna Coric","1","0"
"Grigor Dimitrov","Dominic Thiem","0","1"
"Tallon Griekspoor","Alex Molcan","2","0"
"Tallon Griekspoor","Botic Van De Zandschulp","0","1"
"Tallon Griekspoor","Alexei Popyrin","1","0"
"Tallon Griekspoor","Jordan Thompson","0","1"
"Tallon Griekspoor","Marton Fucsovics","0","1"
"Tallon Griekspoor","Aslan Karatsev","1","1"
"Tallon Griekspoor","Reilly Opelka","0","1"
"Tallon Griekspoor","Brandon Nakashima","0","1"
"Tallon Griekspoor","Sebastian Baez","0","1"
"Tallon Griekspoor","Fabio Fognini","2","0"
"Tallon Griekspoor","Alexander Bublik","0","2"
"Tallon Griekspoor","Carlos Alcaraz","0","1"
"Tallon Griekspoor","Alejandro Davidovich Fokina","1","0"
"Tallon Griekspoor","Albert Ramos","0","1"
"Tallon Griekspoor","Federico Coria","0","1"
"Tallon Griekspoor","Francisco Cerundolo","0","1"
"Tallon Griekspoor","Marcos Giron","0","1"
"Tallon Griekspoor","Holger Rune","1","0"
"Tallon Griekspoor","Borna Coric","0","1"
"Alex Molcan","Botic Van De Zandschulp","1","0"
"Alex Molcan","Mackenzie Mcdonald","2","0"
"Alex Molcan","David Goffin","1","1"
"Alex Molcan","Miomir Kecmanovic","1","0"
"Alex Molcan","Pedro Martinez","1","0"
"Alex Molcan","Carlos Alcaraz","0","1"
"Alex Molcan","Pablo Andujar","0","1"
"Alex Molcan","Richard Gasquet","0","1"
"Alex Molcan","Roberto Carballes Baena","0","1"
"Alex Molcan","Federico Coria","2","0"
"Alex Molcan","Cameron Norrie","0","1"
"Alex Molcan","Marcos Giron","1","0"
"Alex Molcan","J J Wolf","0","1"
"Alex Molcan","Novak Djokovic","0","1"
"Alex Molcan","Borna Coric","1","0"
"Botic Van De Zandschulp","Jaume Munar","1","0"
"Botic Van De Zandschulp","Mackenzie Mcdonald","1","0"
"Botic Van De Zandschulp","Marton Fucsovics","0","1"
"Botic Van De Zandschulp","Benjamin Bonzi","1","0"
"Botic Van De Zandschulp","Brandon Nakashima","1","0"
"Botic Van De Zandschulp","David Goffin","0","1"
"Botic Van De Zandschulp","Miomir Kecmanovic","2","1"
"Botic Van De Zandschulp","Fabio Fognini","1","0"
"Botic Van De Zandschulp","Alexander Bublik","1","0"
"Botic Van De Zandschulp","Sebastian Korda","1","1"
"Botic Van De Zandschulp","Carlos Alcaraz","0","1"
"Botic Van De Zandschulp","Adrian Mannarino","2","1"
"Botic Van De Zandschulp","Frances Tiafoe","0","1"
"Botic Van De Zandschulp","Alejandro Davidovich Fokina","1","1"
"Botic Van De Zandschulp","Richard Gasquet","2","0"
"Botic Van De Zandschulp","Joao Sousa","1","0"
"Botic Van De Zandschulp","Bernabe Zapata Miralles","1","0"
"Botic Van De Zandschulp","Jiri Lehecka","0","1"
"Botic Van De Zandschulp","Cameron Norrie","1","1"
"Botic Van De Zandschulp","Marcos Giron","0","1"
"Botic Van De Zandschulp","Holger Rune","0","1"
"Botic Van De Zandschulp","Novak Djokovic","0","1"
"Jaume Munar","Aslan Karatsev","0","2"
"Jaume Munar","Pedro Martinez","0","2"
"Jaume Munar","Sebastian Korda","0","1"
"Jaume Munar","Carlos Alcaraz","0","2"
"Jaume Munar","John Millman","1","0"
"Jaume Munar","Benoit Paire","1","0"
"Jaume Munar","Daniel Elahi Galan","1","1"
"Jaume Munar","Roberto Carballes Baena","0","1"
"Jaume Munar","Daniel Altmaier","1","0"
"Jaume Munar","Bernabe Zapata Miralles","1","0"
"Jaume Munar","Cameron Norrie","0","1"
"Jaume Munar","Yoshihito Nishioka","0","1"
"Jaume Munar","Nikoloz Basilashvili","1","0"
"Ricardas Berankis","Alexei Popyrin","1","0"
"Ricardas Berankis","Facundo Bagnis","1","0"
"Ricardas Berankis","Andrey Rublev","0","2"
"Ricardas Berankis","Roberto Carballes Baena","1","0"
"Ricardas Berankis","Marcos Giron","1","0"
"Alexei Popyrin","Pedro Martinez","0","2"
"Alexei Popyrin","Fabio Fognini","0","1"
"Alexei Popyrin","John Millman","0","1"
"Alexei Popyrin","Lorenzo Musetti","1","0"
"Alexei Popyrin","Nikoloz Basilashvili","1","0"
"Alexei Popyrin","Hugo Gaston","0","1"
"Alexei Popyrin","James Duckworth","0","1"
"Jordan Thompson","Marton Fucsovics","0","1"
"Jordan Thompson","Reilly Opelka","0","1"
"Jordan Thompson","Lorenzo Sonego","1","0"
"Jordan Thompson","Brandon Nakashima","1","1"
"Jordan Thompson","David Goffin","1","0"
"Jordan Thompson","Miomir Kecmanovic","0","1"
"Jordan Thompson","Sebastian Baez","0","1"
"Jordan Thompson","Albert Ramos","0","1"
"Jordan Thompson","Daniel Elahi Galan","0","1"
"Jordan Thompson","Roberto Carballes Baena","1","0"
"Jordan Thompson","Jenson Brooksby","0","1"
"Jordan Thompson","Marcos Giron","1","0"
"Jordan Thompson","Jason Kubler","0","1"
"Mackenzie Mcdonald","Marton Fucsovics","1","0"
"Mackenzie Mcdonald","Aslan Karatsev","1","1"
"Mackenzie Mcdonald","Pedro Martinez","1","0"
"Mackenzie Mcdonald","Denis Kudla","1","0"
"Mackenzie Mcdonald","Carlos Alcaraz","0","2"
"Mackenzie Mcdonald","Andrey Rublev","0","1"
"Mackenzie Mcdonald","Richard Gasquet","0","1"
"Mackenzie Mcdonald","Nick Kyrgios","0","1"
"Mackenzie Mcdonald","Joao Sousa","1","1"
"Mackenzie Mcdonald","Lorenzo Musetti","0","1"
"Mackenzie Mcdonald","Ilya Ivashka","1","2"
"Mackenzie Mcdonald","Jenson Brooksby","1","2"
"Mackenzie Mcdonald","Marcos Giron","0","1"
"Mackenzie Mcdonald","Nikoloz Basilashvili","3","0"
"Mackenzie Mcdonald","Marc Andrea Huesler","1","0"
"Facundo Bagnis","Andy Murray","1","0"
"Facundo Bagnis","David Goffin","0","1"
"Facundo Bagnis","Fabio Fognini","0","1"
"Facundo Bagnis","Sebastian Korda","0","1"
"Facundo Bagnis","Carlos Alcaraz","0","1"
"Facundo Bagnis","Albert Ramos","0","1"
"Facundo Bagnis","Bernabe Zapata Miralles","1","0"
"Facundo Bagnis","Francisco Cerundolo","0","1"
"Facundo Bagnis","Nikoloz Basilashvili","0","1"
"Marton Fucsovics","Dusan Lajovic","0","1"
"Marton Fucsovics","Oscar Otte","0","1"
"Marton Fucsovics","Alexander Bublik","0","1"
"Marton Fucsovics","Carlos Alcaraz","0","1"
"Marton Fucsovics","Andrey Rublev","0","1"
"Marton Fucsovics","Alejandro Davidovich Fokina","0","1"
"Marton Fucsovics","Nick Kyrgios","0","1"
"Marton Fucsovics","Cameron Norrie","0","1"
"Marton Fucsovics","Marcos Giron","1","0"
"Marton Fucsovics","Nikoloz Basilashvili","0","1"
"Benjamin Bonzi","Aslan Karatsev","1","0"
"Benjamin Bonzi","Lorenzo Sonego","1","0"
"Benjamin Bonzi","David Goffin","0","2"
"Benjamin Bonzi","Oscar Otte","0","1"
"Benjamin Bonzi","Sebastian Korda","0","1"
"Benjamin Bonzi","Frances Tiafoe","0","2"
"Benjamin Bonzi","Andrey Rublev","0","1"
"Benjamin Bonzi","Nick Kyrgios","0","1"
"Benjamin Bonzi","Roberto Carballes Baena","1","0"
"Benjamin Bonzi","Daniel Altmaier","1","0"
"Benjamin Bonzi","Jenson Brooksby","0","1"
"Benjamin Bonzi","Holger Rune","0","1"
"Benjamin Bonzi","Dominic Thiem","1","0"
"Aslan Karatsev","Andy Murray","1","0"
"Aslan Karatsev","Lorenzo Sonego","2","1"
"Aslan Karatsev","Brandon Nakashima","1","0"
"Aslan Karatsev","David Goffin","0","1"
"Aslan Karatsev","Miomir Kecmanovic","1","0"
"Aslan Karatsev","Dusan Lajovic","0","1"
"Aslan Karatsev","Fabio Fognini","0","1"
"Aslan Karatsev","Oscar Otte","0","1"
"Aslan Karatsev","Alexander Bublik","0","1"
"Aslan Karatsev","Adrian Mannarino","0","2"
"Aslan Karatsev","Daniel Elahi Galan","1","0"
"Aslan Karatsev","Elias Ymer","0","1"
"Aslan Karatsev","Francisco Cerundolo","0","2"
"Aslan Karatsev","Cameron Norrie","0","1"
"Aslan Karatsev","Yoshihito Nishioka","0","1"
"Aslan Karatsev","Nikoloz Basilashvili","1","0"
"Aslan Karatsev","Hugo Gaston","1","0"
"Aslan Karatsev","Holger Rune","1","1"
"Aslan Karatsev","Novak Djokovic","0","1"
"Andy Murray","Reilly Opelka","1","0"
"Andy Murray","David Goffin","1","0"
"Andy Murray","Alexander Bublik","2","2"
"Andy Murray","Sebastian Korda","0","1"
"Andy Murray","Alejandro Davidovich Fokina","1","0"
"Andy Murray","Nick Kyrgios","1","0"
"Andy Murray","Francisco Cerundolo","1","0"
"Andy Murray","Cameron Norrie","0","1"
"Andy Murray","Nikoloz Basilashvili","2","0"
"Andy Murray","Novak Djokovic","0","1"
"Andy Murray","Stan Wawrinka","1","0"
"Andy Murray","Dominic Thiem","1","0"
"Andy Murray","James Duckworth","1","0"
"Reilly Opelka","Brandon Nakashima","1","0"
"Reilly Opelka","Denis Kudla","1","0"
"Reilly Opelka","Oscar Otte","0","1"
"Reilly Opelka","Sebastian Korda","0","1"
"Reilly Opelka","John Millman","1","0"
"Reilly Opelka","Adrian Mannarino","2","0"
"Reilly Opelka","Nick Kyrgios","1","1"
"Reilly Opelka","Lorenzo Musetti","1","0"
"Reilly Opelka","Francisco Cerundolo","0","1"
"Reilly Opelka","Cameron Norrie","0","1"
"Reilly Opelka","Jenson Brooksby","1","0"
"Reilly Opelka","Stan Wawrinka","0","1"
"Lorenzo Sonego","Miomir Kecmanovic","0","2"
"Lorenzo Sonego","Sebastian Baez","2","1"
"Lorenzo Sonego","Denis Kudla","1","2"
"Lorenzo Sonego","Oscar Otte","1","0"
"Lorenzo Sonego","Alexander Bublik","1","0"
"Lorenzo Sonego","Sebastian Korda","1","0"
"Lorenzo Sonego","Pablo Andujar","0","1"
"Lorenzo Sonego","Frances Tiafoe","1","1"
"Lorenzo Sonego","Benoit Paire","1","0"
"Lorenzo Sonego","Albert Ramos","0","1"
"Lorenzo Sonego","Roberto Carballes Baena","1","0"
"Lorenzo Sonego","Joao Sousa","1","0"
"Lorenzo Sonego","Elias Ymer","1","0"
"Lorenzo Sonego","Bernabe Zapata Miralles","1","1"
"Lorenzo Sonego","Ilya Ivashka","1","0"
"Lorenzo Sonego","Hugo Gaston","2","0"
"Lorenzo Sonego","Holger Rune","0","1"
"Lorenzo Sonego","J J Wolf","0","1"
"Lorenzo Sonego","Jack Draper","0","1"
"Lorenzo Sonego","James Duckworth","1","0"
"Brandon Nakashima","David Goffin","1","0"
"Brandon Nakashima","Miomir Kecmanovic","0","1"
"Brandon Nakashima","Fabio Fognini","1","0"
"Brandon Nakashima","Denis Kudla","2","0"
"Brandon Nakashima","John Millman","2","0"
"Brandon Nakashima","Adrian Mannarino","1","2"
"Brandon Nakashima","Frances Tiafoe","0","3"
"Brandon Nakashima","Richard Gasquet","1","0"
"Brandon Nakashima","Nick Kyrgios","0","1"
"Brandon Nakashima","Daniel Elahi Galan","2","0"
"Brandon Nakashima","Jiri Vesely","1","0"
"Brandon Nakashima","Jiri Lehecka","2","0"
"Brandon Nakashima","Cameron Norrie","0","2"
"Brandon Nakashima","Marcos Giron","1","0"
"Brandon Nakashima","Jack Draper","1","0"
"Brandon Nakashima","Borna Coric","0","1"
"Brandon Nakashima","Stan Wawrinka","0","1"
"David Goffin","Sebastian Baez","1","0"
"David Goffin","Denis Kudla","1","0"
"David Goffin","Oscar Otte","1","0"
"David Goffin","Carlos Alcaraz","1","0"
"David Goffin","Adrian Mannarino","0","2"
"David Goffin","Pablo Andujar","1","0"
"David Goffin","Frances Tiafoe","2","0"
"David Goffin","Alejandro Davidovich Fokina","0","1"
"David Goffin","Richard Gasquet","0","1"
"David Goffin","Albert Ramos","0","1"
"David Goffin","Roberto Carballes Baena","2","0"
"David Goffin","Lorenzo Musetti","0","1"
"David Goffin","Federico Coria","1","0"
"David Goffin","Jiri Lehecka","2","0"
"David Goffin","Cameron Norrie","0","1"
"David Goffin","Jenson Brooksby","0","1"
"David Goffin","Marcos Giron","0","1"
"Miomir Kecmanovic","Oscar Otte","0","1"
"Miomir Kecmanovic","Alexander Bublik","2","0"
"Miomir Kecmanovic","Sebastian Korda","1","0"
"Miomir Kecmanovic","Carlos Alcaraz","0","1"
"Miomir Kecmanovic","John Millman","2","0"
"Miomir Kecmanovic","Frances Tiafoe","0","1"
"Miomir Kecmanovic","Alejandro Davidovich Fokina","1","0"
"Miomir Kecmanovic","Richard Gasquet","1","1"
"Miomir Kecmanovic","Daniel Altmaier","1","0"
"Miomir Kecmanovic","Lorenzo Musetti","0","1"
"Miomir Kecmanovic","Francisco Cerundolo","0","2"
"Miomir Kecmanovic","Cameron Norrie","0","1"
"Miomir Kecmanovic","Yoshihito Nishioka","1","0"
"Miomir Kecmanovic","Nikoloz Basilashvili","1","0"
"Miomir Kecmanovic","Novak Djokovic","0","2"
"Sebastian Baez","Pedro Martinez","0","1"
"Sebastian Baez","Dusan Lajovic","1","0"
"Sebastian Baez","Fabio Fognini","1","0"
"Sebastian Baez","Oscar Otte","1","0"
"Sebastian Baez","Sebastian Korda","0","1"
"Sebastian Baez","Carlos Alcaraz","0","1"
"Sebastian Baez","Frances Tiafoe","1","0"
"Sebastian Baez","Andrey Rublev","1","0"
"Sebastian Baez","Alejandro Davidovich Fokina","1","0"
"Sebastian Baez","Richard Gasquet","1","0"
"Sebastian Baez","Nick Kyrgios","0","2"
"Sebastian Baez","Albert Ramos","3","0"
"Sebastian Baez","Joao Sousa","1","0"
"Sebastian Baez","Elias Ymer","0","1"
"Sebastian Baez","Daniel Altmaier","0","1"
"Sebastian Baez","Lorenzo Musetti","0","1"
"Sebastian Baez","Francisco Cerundolo","0","1"
"Sebastian Baez","Jiri Lehecka","1","0"
"Sebastian Baez","Cameron Norrie","0","1"
"Sebastian Baez","Holger Rune","1","0"
"Sebastian Baez","Dominic Thiem","1","0"
"Pedro Martinez","Fabio Fognini","0","1"
"Pedro Martinez","Alejandro Davidovich Fokina","1","0"
"Pedro Martinez","Albert Ramos","0","1"
"Pedro Martinez","Daniel Elahi Galan","0","1"
"Pedro Martinez","Joao Sousa","1","0"
"Pedro Martinez","Elias Ymer","1","0"
"Pedro Martinez","Federico Coria","1","0"
"Pedro Martinez","Francisco Cerundolo","0","1"
"Pedro Martinez","Cameron Norrie","0","1"
"Pedro Martinez","Ilya Ivashka","0","1"
"Dusan Lajovic","Fabio Fognini","0","1"
"Dusan Lajovic","Alexander Bublik","0","1"
"Dusan Lajovic","Sebastian Korda","1","0"
"Dusan Lajovic","Carlos Alcaraz","0","1"
"Dusan Lajovic","Frances Tiafoe","0","1"
"Dusan Lajovic","Benoit Paire","1","0"
"Dusan Lajovic","Alejandro Davidovich Fokina","1","0"
"Dusan Lajovic","Daniel Altmaier","0","1"
"Dusan Lajovic","Lorenzo Musetti","0","1"
"Dusan Lajovic","Federico Coria","0","1"
"Dusan Lajovic","Jenson Brooksby","0","1"
"Dusan Lajovic","Borna Coric","1","0"
"Fabio Fognini","Oscar Otte","1","0"
"Fabio Fognini","Carlos Alcaraz","0","1"
"Fabio Fognini","Pablo Andujar","1","0"
"Fabio Fognini","Andrey Rublev","0","2"
"Fabio Fognini","Nick Kyrgios","0","1"
"Fabio Fognini","Albert Ramos","1","0"
"Fabio Fognini","Daniel Elahi Galan","0","1"
"Fabio Fognini","Daniel Altmaier","1","0"
"Fabio Fognini","Federico Coria","1","0"
"Fabio Fognini","Nikoloz Basilashvili","0","2"
"Fabio Fognini","Holger Rune","0","1"
"Fabio Fognini","Jack Draper","0","1"
"Fabio Fognini","Dominic Thiem","1","0"
"Denis Kudla","Alexander Bublik","0","1"
"Denis Kudla","Jason Kubler","0","1"
"Oscar Otte","Carlos Alcaraz","0","1"
"Oscar Otte","Adrian Mannarino","0","1"
"Oscar Otte","Richard Gasquet","1","0"
"Oscar Otte","Roberto Carballes Baena","0","1"
"Oscar Otte","Elias Ymer","0","1"
"Oscar Otte","Daniel Altmaier","1","0"
"Oscar Otte","Cameron Norrie","0","1"
"Oscar Otte","Yoshihito Nishioka","1","0"
"Oscar Otte","Nikoloz Basilashvili","1","0"
"Oscar Otte","Holger Rune","0","1"
"Alexander Bublik","John Millman","1","0"
"Alexander Bublik","Frances Tiafoe","1","1"
"Alexander Bublik","Albert Ramos","1","0"
"Alexander Bublik","Daniel Elahi Galan","1","0"
"Alexander Bublik","Lorenzo Musetti","1","0"
"Alexander Bublik","Cameron Norrie","1","0"
"Alexander Bublik","Jenson Brooksby","0","1"
"Alexander Bublik","Marcos Giron","0","1"
"Alexander Bublik","Hugo Gaston","1","0"
"Alexander Bublik","Holger Rune","1","0"
"Alexander Bublik","J J Wolf","0","1"
"Alexander Bublik","Stan Wawrinka","2","0"
"Alexander Bublik","Jason Kubler","1","0"
"Sebastian Korda","Carlos Alcaraz","1","1"
"Sebastian Korda","John Millman","1","1"
"Sebastian Korda","Frances Tiafoe","1","1"
"Sebastian Korda","Andrey Rublev","0","1"
"Sebastian Korda","Alejandro Davidovich Fokina","1","0"
"Sebastian Korda","Richard Gasquet","1","0"
"Sebastian Korda","Albert Ramos","1","0"
"Sebastian Korda","Lorenzo Musetti","1","1"
"Sebastian Korda","Cameron Norrie","1","1"
"Sebastian Korda","Ilya Ivashka","1","0"
"Sebastian Korda","Marcos Giron","1","0"
"Sebastian Korda","Yoshihito Nishioka","1","0"
"Sebastian Korda","Hugo Gaston","1","0"
"Sebastian Korda","Dominic Thiem","1","0"
"Carlos Alcaraz","Frances Tiafoe","1","0"
"Carlos Alcaraz","Albert Ramos","1","0"
"Carlos Alcaraz","Lorenzo Musetti","0","1"
"Carlos Alcaraz","Federico Coria","1","0"
"Carlos Alcaraz","Cameron Norrie","2","1"
"Carlos Alcaraz","Jenson Brooksby","1","0"
"Carlos Alcaraz","Yoshihito Nishioka","1","0"
"Carlos Alcaraz","Nikoloz Basilashvili","1","0"
"Carlos Alcaraz","Holger Rune","0","1"
"Carlos Alcaraz","Novak Djokovic","1","0"
"Carlos Alcaraz","Jack Draper","1","0"
"John Millman","Richard Gasquet","0","1"
"John Millman","Albert Ramos","0","1"
"John Millman","Daniel Elahi Galan","0","1"
"John Millman","Marcos Giron","1","1"
"John Millman","Hugo Gaston","1","0"
"John Millman","Dominic Thiem","1","0"
"Adrian Mannarino","Andrey Rublev","0","1"
"Adrian Mannarino","Alejandro Davidovich Fokina","1","0"
"Adrian Mannarino","Nick Kyrgios","0","1"
"Adrian Mannarino","Albert Ramos","1","0"
"Adrian Mannarino","Yoshihito Nishioka","1","0"
"Adrian Mannarino","Holger Rune","0","1"
"Adrian Mannarino","Stan Wawrinka","1","0"
"Adrian Mannarino","James Duckworth","1","0"
"Pablo Andujar","Albert Ramos","1","0"
"Pablo Andujar","Joao Sousa","0","1"
"Pablo Andujar","Cameron Norrie","0","1"
"Pablo Andujar","Novak Djokovic","0","1"
"Frances Tiafoe","Andrey Rublev","1","1"
"Frances Tiafoe","Alejandro Davidovich Fokina","1","0"
"Frances Tiafoe","Nick Kyrgios","0","1"
"Frances Tiafoe","Elias Ymer","1","0"
"Frances Tiafoe","Bernabe Zapata Miralles","1","0"
"Frances Tiafoe","Francisco Cerundolo","0","1"
"Frances Tiafoe","Jenson Brooksby","0","1"
"Frances Tiafoe","Marcos Giron","2","0"
"Frances Tiafoe","Novak Djokovic","0","1"
"Frances Tiafoe","Jack Draper","1","0"
"Frances Tiafoe","Stan Wawrinka","0","1"
"Frances Tiafoe","Jason Kubler","1","0"
"Benoit Paire","Elias Ymer","0","1"
"Benoit Paire","Lorenzo Musetti","0","1"
"Benoit Paire","Francisco Cerundolo","0","1"
"Benoit Paire","Cameron Norrie","0","1"
"Benoit Paire","Ilya Ivashka","0","1"
"Benoit Paire","Jenson Brooksby","0","1"
"Benoit Paire","Yoshihito Nishioka","0","1"
"Benoit Paire","Holger Rune","0","1"
"Andrey Rublev","Richard Gasquet","1","0"
"Andrey Rublev","Nick Kyrgios","0","1"
"Andrey Rublev","Jiri Vesely","1","0"
"Andrey Rublev","Federico Coria","1","0"
"Andrey Rublev","Francisco Cerundolo","0","1"
"Andrey Rublev","Jiri Lehecka","1","0"
"Andrey Rublev","Cameron Norrie","1","0"
"Andrey Rublev","Ilya Ivashka","1","0"
"Andrey Rublev","Yoshihito Nishioka","0","1"
"Andrey Rublev","Nikoloz Basilashvili","0","1"
"Andrey Rublev","Holger Rune","0","1"
"Andrey Rublev","J J Wolf","1","0"
"Andrey Rublev","Novak Djokovic","1","1"
"Andrey Rublev","Jack Draper","2","0"
"Andrey Rublev","Dominic Thiem","1","0"
"Alejandro Davidovich Fokina","Nick Kyrgios","0","1"
"Alejandro Davidovich Fokina","Albert Ramos","1","0"
"Alejandro Davidovich Fokina","Daniel Elahi Galan","1","0"
"Alejandro Davidovich Fokina","Joao Sousa","1","0"
"Alejandro Davidovich Fokina","Jiri Vesely","0","1"
"Alejandro Davidovich Fokina","Lorenzo Musetti","0","1"
"Alejandro Davidovich Fokina","Bernabe Zapata Miralles","1","0"
"Alejandro Davidovich Fokina","Federico Coria","0","1"
"Alejandro Davidovich Fokina","Ilya Ivashka","1","0"
"Alejandro Davidovich Fokina","Marcos Giron","1","0"
"Alejandro Davidovich Fokina","Yoshihito Nishioka","1","0"
"Alejandro Davidovich Fokina","Novak Djokovic","1","0"
"Alejandro Davidovich Fokina","Borna Coric","1","0"
"Richard Gasquet","Roberto Carballes Baena","1","0"
"Richard Gasquet","Joao Sousa","1","1"
"Richard Gasquet","Lorenzo Musetti","1","0"
"Richard Gasquet","Federico Coria","0","1"
"Richard Gasquet","Stan Wawrinka","1","0"
"Richard Gasquet","Jason Kubler","1","0"
"Richard Gasquet","Dominic Thiem","0","1"
"Nick Kyrgios","Daniel Altmaier","1","0"
"Nick Kyrgios","Jiri Lehecka","1","0"
"Nick Kyrgios","Marcos Giron","1","0"
"Nick Kyrgios","Yoshihito Nishioka","1","0"
"Nick Kyrgios","Nikoloz Basilashvili","1","0"
"Nick Kyrgios","J J Wolf","1","0"
"Nick Kyrgios","Novak Djokovic","0","1"
"Albert Ramos","Lorenzo Musetti","1","1"
"Albert Ramos","Cameron Norrie","1","0"
"Albert Ramos","Marcos Giron","0","1"
"Daniel Elahi Galan","Roberto Carballes Baena","0","1"
"Daniel Elahi Galan","Lorenzo Musetti","0","1"
"Daniel Elahi Galan","Bernabe Zapata Miralles","1","0"
"Daniel Elahi Galan","Federico Coria","1","0"
"Daniel Elahi Galan","Marc Andrea Huesler","1","0"
"Roberto Carballes Baena","Joao Sousa","1","0"
"Roberto Carballes Baena","Francisco Cerundolo","0","1"
"Roberto Carballes Baena","Jenson Brooksby","0","1"
"Roberto Carballes Baena","Holger Rune","1","0"
"Joao Sousa","Elias Ymer","1","1"
"Joao Sousa","Daniel Altmaier","1","0"
"Joao Sousa","Jiri Lehecka","0","1"
"Joao Sousa","Cameron Norrie","0","1"
"Joao Sousa","Ilya Ivashka","1","0"
"Joao Sousa","Nikoloz Basilashvili","1","0"
"Joao Sousa","Stan Wawrinka","0","1"
"Joao Sousa","Dominic Thiem","0","1"
"Elias Ymer","Daniel Altmaier","1","0"
"Elias Ymer","Nikoloz Basilashvili","0","1"
"Daniel Altmaier","Federico Coria","0","1"
"Daniel Altmaier","Francisco Cerundolo","0","1"
"Daniel Altmaier","Cameron Norrie","0","1"
"Daniel Altmaier","J J Wolf","0","1"
"Jiri Vesely","Bernabe Zapata Miralles","1","0"
"Jiri Vesely","Federico Coria","1","0"
"Jiri Vesely","Novak Djokovic","1","0"
"Lorenzo Musetti","Bernabe Zapata Miralles","1","0"
"Lorenzo Musetti","Francisco Cerundolo","1","0"
"Lorenzo Musetti","Jiri Lehecka","0","1"
"Lorenzo Musetti","Ilya Ivashka","1","1"
"Lorenzo Musetti","Marcos Giron","1","0"
"Lorenzo Musetti","Nikoloz Basilashvili","1","1"
"Lorenzo Musetti","Novak Djokovic","0","2"
"Lorenzo Musetti","Jack Draper","0","1"
"Lorenzo Musetti","Borna Coric","0","1"
"Lorenzo Musetti","Marc Andrea Huesler","0","1"
"Bernabe Zapata Miralles","Federico Coria","1","0"
"Bernabe Zapata Miralles","Holger Rune","1","0"
"Federico Coria","Jenson Brooksby","0","1"
"Federico Coria","Marcos Giron","1","0"
"Francisco Cerundolo","Cameron Norrie","0","1"
"Francisco Cerundolo","Borna Coric","0","1"
"Francisco Cerundolo","Dominic Thiem","0","2"
"Francisco Cerundolo","Marc Andrea Huesler","1","0"
"Francisco Cerundolo","James Duckworth","1","0"
"Jiri Lehecka","Holger Rune","0","1"
"Cameron Norrie","Jenson Brooksby","1","1"
"Cameron Norrie","Marcos Giron","0","1"
"Cameron Norrie","Nikoloz Basilashvili","1","0"
"Cameron Norrie","Hugo Gaston","1","0"
"Cameron Norrie","Holger Rune","3","1"
"Cameron Norrie","Novak Djokovic","0","1"
"Cameron Norrie","Jack Draper","1","0"
"Cameron Norrie","Borna Coric","0","1"
"Cameron Norrie","Jason Kubler","1","0"
"Ilya Ivashka","Marcos Giron","1","0"
"Ilya Ivashka","Nikoloz Basilashvili","0","1"
"Ilya Ivashka","Holger Rune","0","1"
"Ilya Ivashka","Marc Andrea Huesler","0","1"
"Jenson Brooksby","Marcos Giron","1","0"
"Jenson Brooksby","Yoshihito Nishioka","0","1"
"Jenson Brooksby","Nikoloz Basilashvili","1","0"
"Jenson Brooksby","Hugo Gaston","0","1"
"Jenson Brooksby","J J Wolf","0","1"
"Jenson Brooksby","Jack Draper","0","2"
"Jenson Brooksby","Borna Coric","1","0"
"Marcos Giron","Hugo Gaston","0","1"
"Marcos Giron","Holger Rune","1","0"
"Marcos Giron","Dominic Thiem","0","1"
"Marcos Giron","James Duckworth","1","0"
"Yoshihito Nishioka","Novak Djokovic","0","1"
"Nikoloz Basilashvili","Hugo Gaston","0","1"
"Hugo Gaston","Holger Rune","0","1"
"Hugo Gaston","J J Wolf","0","1"
"Hugo Gaston","Jack Draper","0","1"
"Hugo Gaston","Dominic Thiem","0","1"
"Holger Rune","J J Wolf","0","1"
"Holger Rune","Novak Djokovic","1","0"
"Holger Rune","Stan Wawrinka","1","0"
"Holger Rune","Marc Andrea Huesler","0","2"
"J J Wolf","Dominic Thiem","0","1"
"Novak Djokovic","Stan Wawrinka","1","0"
"Jack Draper","Dominic Thiem","1","0"
"Jack Draper","Marc Andrea Huesler","0","1"
"Jason Kubler","James Duckworth","1","0"
